model_size,representation,architecture,stage,parameters,final_train_action_mse_normalized,final_validation_action_mse_normalized,test_decoded_normalized_mse,test_decoded_physical_mse,test_decoded_physical_mae,test_decoded_physical_rmse,test_joint_physical_mse,test_gripper_physical_mse,encoded_control_mse,token_accuracy,boundary_physical_mse,velocity_p95_physical_per_s,acceleration_p95_physical_per_s2,sampling_p50_ms,sampling_p95_ms,sampling_p99_ms,online_vision_p50_ms,projector_state_p50_ms,action_decode_p50_ms,estimated_online_pipeline_p50_ms,peak_memory_bytes,delay_mean_physical_mse_d0_d10,delay_d10_physical_mse,checkpoint_sha256,checkpoint,wandb_url,joint_legacy_cached_p50_ms,joint_fused_cache_speedup_percent,joint_legacy_vs_fused_tokens_equal,joint_legacy_vs_fused_max_token_difference
DiT-S,raw,fm,base,15072903,0.0010298327542841434,0.023626778711332008,0.03677983582019806,0.011016178876161575,0.04370128735899925,0.10495798289775848,0.004878930010211964,0.047839678823947906,0.03677983582019806,,0.0011986616300418973,0.7124758958816526,11.41829376220703,15.658471500501037,15.748778195120394,17.336677417624745,10.707500041462481,0.12301804963499308,0.0036400742828845978,26.492629665881395,3050713088,0.006606104868379506,0.006975977681577206,c045b0d086480ff3da1881c87c44a2b67ecf26f96957b922e6aa8bd71d45bd4c,/scratch/wangpc/B-Spline-Inpainting/robot_policy/outputs/SWEEP/dit_s/raw/checkpoints/fm_base.pt,https://wandb.ai/401910710-university-of-california-berkeley/robot-policy-50k-bs32-basic/runs/i9p5hb9y,,,,
DiT-S,raw,fm,ttrtc,15072903,0.0007300518918782473,0.026450319732248317,0.037081800401210785,0.011147547513246536,0.04493538662791252,0.10558194667100906,0.0050145814117665095,0.04794535040855408,0.037081800401210785,,0.0014761118218302727,0.7118564844131461,11.020349264144883,16.05864556040615,16.359897423535585,17.78123510070146,10.718666948378086,0.12319302186369896,0.003569992259144783,26.90407552290708,3050713088,0.005966518116606908,0.006270142272114754,360e5814cf8c0590cc5036e67f02447ed921dcdea044c972e05f9982c49c0483,/scratch/wangpc/B-Spline-Inpainting/robot_policy/outputs/SWEEP/dit_s/raw/checkpoints/fm_ttrtc.pt,https://wandb.ai/401910710-university-of-california-berkeley/robot-policy-5k-bs32-ttRTC/runs/v9ubgo5v,,,,
DiT-S,raw,discrete_layerwise,base,15035136,0.0023149680346250534,0.005560047861763451,0.045635949820280075,0.014107227325439453,0.05580909177660942,0.11877384781837463,0.00816601274224619,0.049754511564970016,0.045635949820280075,0.20115158691462934,0.003270342480391264,0.7487618923187256,21.309720993041992,12.899274937808514,13.508403394371271,14.112309832125902,10.703028878197074,0.12288743164390326,0.0034798868000507355,23.72867113444954,3050438656,0.013317812234163284,0.01917867362499237,eff9e989fe18cf912e789dbd64e8d6068efc1e5bdafc13e9abfce8aa1bb6ac3b,/scratch/wangpc/B-Spline-Inpainting/robot_policy/outputs/SWEEP/dit_s/raw/checkpoints/discrete_layerwise_base.pt,https://wandb.ai/401910710-university-of-california-berkeley/robot-policy-50k-bs32-basic/runs/zh84gs3w,,,,
DiT-S,raw,discrete_layerwise,ttrtc,15035136,0.00025027745869010687,0.006239814118089271,0.050463881343603134,0.016064951196312904,0.061426855623722076,0.12674759328365326,0.01013249799143523,0.05165966600179672,0.05046388879418373,0.19796924458065365,0.005716970190405846,0.7487618923187256,22.46285629272461,12.30988185852766,12.768020061776042,13.186235942412177,10.69958449807018,0.11684803757816553,0.003590015694499016,23.129904409870505,3050438656,0.020572227087210525,0.02966163493692875,f5fc888db8ba3fa2efdafc6f9b25410ea9ac28e759427289be508152c05dbfc1,/scratch/wangpc/B-Spline-Inpainting/robot_policy/outputs/SWEEP/dit_s/raw/checkpoints/discrete_layerwise_ttrtc.pt,https://wandb.ai/401910710-university-of-california-berkeley/robot-policy-5k-bs32-ttRTC/runs/2o2kthwz,,,,
DiT-S,raw,discrete_joint,base,13850496,0.0007437773165293038,0.012555373410577886,0.061009038239717484,0.018486645072698593,0.06454826891422272,0.13596560060977936,0.009172960339734951,0.07436877489089966,0.061009038239717484,0.18473837771741233,0.0026511678006500006,0.7487618923187256,14.975309371948242,146.18331752717495,146.6228256584145,146.66546142892912,10.733593488112092,0.11592893861234188,0.0033299438655376434,157.03616989776492,3046003200,0.011681676164946773,0.017489323392510414,3e561c7fb2af01f0c437259db382bb5afccdf54d15c97baf7519e833e0eef8ce,/scratch/wangpc/B-Spline-Inpainting/robot_policy/outputs/SWEEP/dit_s/raw/checkpoints/discrete_joint_base.pt,https://wandb.ai/401910710-university-of-california-berkeley/robot-policy-50k-bs32-basic/runs/ykwmgupy,167.0257159275934,12.47855654122971,True,0
DiT-S,raw,discrete_joint,ttrtc,13850496,1.4295053915702738e-05,0.0069909944431856275,0.06587809324264526,0.019838731735944748,0.06676480919122696,0.1408500373363495,0.009164719221492609,0.08388280123472214,0.06587809324264526,0.18018620417450257,0.004006627947092056,0.7487654685974121,14.975309371948242,144.5349515415728,144.8819504585117,145.07120300317183,10.720558115281165,0.1153239281848073,0.0033299438655376434,155.37416352890432,3046003200,0.012397341599518602,0.015695640817284584,b49affff04576f229f27d2b2072610f1636765a90c06fa45c2288b95894f21e2,/scratch/wangpc/B-Spline-Inpainting/robot_policy/outputs/SWEEP/dit_s/raw/checkpoints/discrete_joint_ttrtc.pt,https://wandb.ai/401910710-university-of-california-berkeley/robot-policy-5k-bs32-ttRTC/runs/dgxz1ipu,156.66328743100166,7.741657977635934,True,0
DiT-S,bspline,fm,base,15068295,0.0006067486829124391,0.033935820902115665,0.03621925413608551,0.010892652906477451,0.04432760551571846,0.10436787456274033,0.0051844913978129625,0.04514161869883537,0.0375373438000679,,0.0012663903180509806,0.7139664888381949,3.4311881303787226,15.041254460811615,15.147198433987796,15.37839866941795,10.700282990001142,0.1192030031234026,0.019480008631944656,25.880220462568104,3050697216,0.007625351151959462,0.007603362202644348,fd56a07b4c41b54eff0ae946d3dfef316773a2ff00ee50672ad2ba52ed377cf6,/scratch/wangpc/B-Spline-Inpainting/robot_policy/outputs/SWEEP/dit_s/bspline/checkpoints/fm_base.pt,https://wandb.ai/401910710-university-of-california-berkeley/robot-policy-50k-bs32-basic/runs/2rb15m2t,,,,
DiT-S,bspline,fm,ttrtc,15068295,0.0009720256784930825,0.035655100364238024,0.038059137761592865,0.011581772938370705,0.049647003412246704,0.10761864483356476,0.005758167942985892,0.04652339220046997,0.039323590695858,,0.0018774466589093208,0.704668164253234,4.813047051429746,15.628440422005951,16.58150932053104,16.918588033877317,10.721203521825373,0.1218330580741167,0.020449399016797543,26.49192640092224,3050697216,0.008089848921041597,0.008069551549851894,0cdc64d690ecdec7ecda6263b49dab98484d7eebe978c411790c3a30339417b3,/scratch/wangpc/B-Spline-Inpainting/robot_policy/outputs/SWEEP/dit_s/bspline/checkpoints/fm_ttrtc.pt,https://wandb.ai/401910710-university-of-california-berkeley/robot-policy-5k-bs32-ttRTC/runs/83pdq57s,,,,
DiT-S,bspline,discrete_layerwise,base,15002880,0.00031072075944393873,0.0029131562152997503,0.08652172982692719,0.029382649809122086,0.08915010839700699,0.17141367495059967,0.01928631813886265,0.08996063470840454,0.0811271071434021,0.14854432469059298,0.00243156380020082,1.1016095280647278,17.875905990600586,12.013106024824083,12.828332302160561,13.389738509431494,10.707375477068126,0.119037926197052,0.01940992660820484,22.858929354697466,3050312192,0.024686782705512913,0.027811486274003983,ff761f1243a9b7f211536738ed32201b0a9c02b98e2af2926adf0bfa64272079,/scratch/wangpc/B-Spline-Inpainting/robot_policy/outputs/SWEEP/dit_s/bspline/checkpoints/discrete_layerwise_base.pt,https://wandb.ai/401910710-university-of-california-berkeley/robot-policy-50k-bs32-basic/runs/ya0xdf4n,,,,
DiT-S,bspline,discrete_layerwise,ttrtc,15002880,0.002041323110461235,0.0037665325953639694,0.09376800805330276,0.033487897366285324,0.09840013831853867,0.1829969882965088,0.02438532157490651,0.08810338377952576,0.08767576515674591,0.13860333933711322,0.009450566954910755,1.2634625673294033,23.3359432220459,12.5522370217368,12.89340250659734,15.49248916096986,10.69770089816302,0.12247299309819937,0.020284554921090603,23.39269546791911,3050312192,0.03009546751325781,0.033602118492126465,7b6879fe5c630c3516c33387adafbf210c1b983b9927fb071a35bd5bdf4eb504,/scratch/wangpc/B-Spline-Inpainting/robot_policy/outputs/SWEEP/dit_s/bspline/checkpoints/discrete_layerwise_ttrtc.pt,https://wandb.ai/401910710-university-of-california-berkeley/robot-policy-5k-bs32-ttRTC/runs/q28aplkd,,,,
DiT-S,bspline,discrete_joint,base,13818240,0.0010353074176236987,0.010927464094493189,0.05120839551091194,0.015798643231391907,0.06266114860773087,0.12569265067577362,0.009550471402083835,0.053287655115127563,0.049123797565698624,0.17832963647209402,0.0019181477837264538,0.8943446874618519,10.559151268005369,78.47630546893924,78.66538646630943,78.9966511935927,10.70690795313567,0.11623394675552845,0.01889956183731556,89.31834693066776,3045876736,0.011535702442581003,0.012538690119981766,2a0f8091c81d257856eae10d17d47eff8ddbe3370300cac25b228f3781f222bc,/scratch/wangpc/B-Spline-Inpainting/robot_policy/outputs/SWEEP/dit_s/bspline/checkpoints/discrete_joint_base.pt,https://wandb.ai/401910710-university-of-california-berkeley/robot-policy-50k-bs32-basic/runs/0q4g7cq4,84.76171304937452,7.415385265720108,True,0
DiT-S,bspline,discrete_joint,ttrtc,13818240,7.13511326466687e-05,0.013666284043210908,0.06051623448729515,0.018497275188565254,0.06686406582593918,0.13600468635559082,0.009638228880551955,0.07165154069662094,0.056784987449645996,0.1692110338277282,0.0037599457427859306,0.845024585723877,9.963177967071525,79.84217640478164,80.01477564685047,80.1613207347691,10.727673070505261,0.11631345842033625,0.019554398022592068,90.70571733172983,3045876736,0.013129952786998316,0.015685101971030235,e026370cbcbb6744e32f7d7fee5f2cf1c9aa60dc7dc91af8d02dc0d8dd8543cc,/scratch/wangpc/B-Spline-Inpainting/robot_policy/outputs/SWEEP/dit_s/bspline/checkpoints/discrete_joint_ttrtc.pt,https://wandb.ai/401910710-university-of-california-berkeley/robot-policy-5k-bs32-ttRTC/runs/340xpp9a,85.88156756013632,7.032232092323831,True,0
DiT-B,raw,fm,base,108058119,0.0009522330365143716,0.025668903857877012,0.036716680973768234,0.01082832831889391,0.04198748990893364,0.10405925661325455,0.004534265763747196,0.048592712730169296,0.036716680973768234,,0.0013829763047397137,0.7045561373233791,8.82607650756836,28.835047967731953,28.873699461109936,28.909052689559772,10.703338892199099,0.11696689762175083,0.0036400742828845978,39.65899383183569,3427511808,0.007987441918389364,0.008905390277504921,59480b3d2bf830947f7ca145b2d6677e2e1e580a1a9abe8447e9f3e7a5b4646a,/scratch/wangpc/B-Spline-Inpainting/robot_policy/outputs/SWEEP/dit_b/raw/checkpoints/fm_base.pt,https://wandb.ai/401910710-university-of-california-berkeley/robot-policy-50k-bs32-basic/runs/op6lpqi3,,,,
DiT-B,raw,fm,ttrtc,108058119,0.0003830712230410427,0.025613394245738164,0.03663193807005882,0.011001911014318466,0.04586069658398628,0.10488999634981155,0.004889502772130072,0.04767635837197304,0.03663193807005882,,0.002152139786630869,0.7065312623977653,10.850868654251098,28.80050498060882,29.246882535517216,31.12275058170781,10.717619443312287,0.11678214650601149,0.003689900040626526,39.638596470467746,3427511808,0.007943269246342506,0.008907334879040718,de187fa53a5c51e22d5296aca17d5f622c10bde234da836f8c27145968b51149,/scratch/wangpc/B-Spline-Inpainting/robot_policy/outputs/SWEEP/dit_b/raw/checkpoints/fm_ttrtc.pt,https://wandb.ai/401910710-university-of-california-berkeley/robot-policy-5k-bs32-ttRTC/runs/duznrj8t,,,,
DiT-B,raw,discrete_layerwise,base,107392512,0.5269094705581665,0.5175689039751887,0.49172359704971313,0.21971185505390167,0.37548109889030457,0.4687343239784241,0.2131144174685081,0.2592966854572296,0.49172359704971313,0.003468691230758515,0.22464619576931,0.0,0.0,28.460728004574776,28.507653099950403,28.559638352599002,10.721356025896966,0.11728203389793634,0.003594905138015747,39.302960969507694,3425373184,0.28623422438448126,0.2851894497871399,7fac744844f4b7d865e5e3b0b2bb6e59b260ee58baf1f2d83c2bf9fbe197356a,/scratch/wangpc/B-Spline-Inpainting/robot_policy/outputs/SWEEP/dit_b/raw/checkpoints/discrete_layerwise_base.pt,https://wandb.ai/401910710-university-of-california-berkeley/robot-policy-50k-bs32-basic/runs/o2g40xq8,,,,
DiT-B,raw,discrete_layerwise,ttrtc,107392512,0.47236576676368713,0.5157025018706918,0.4917151927947998,0.21970237791538239,0.37547579407691956,0.46872419118881226,0.21310337570806345,0.2592966854572296,0.4917151927947998,0.0034671433988840133,0.22464619576931,0.0,0.0,28.53472693823278,28.571923496201634,28.68766250321643,10.745695442892611,0.1172070624306798,0.0036794226616621017,39.40130886621773,3425373184,0.28623307022181427,0.2851872444152832,35ffb57856657c89b29745b3f01c822a6d4e964e18b1f7edd0e1870dea0220fa,/scratch/wangpc/B-Spline-Inpainting/robot_policy/outputs/SWEEP/dit_b/raw/checkpoints/discrete_layerwise_ttrtc.pt,https://wandb.ai/401910710-university-of-california-berkeley/robot-policy-5k-bs32-ttRTC/runs/ajt8p9vs,,,,
DiT-B,raw,discrete_joint,base,102682368,0.00891710165888071,0.03296893505466869,0.14679081737995148,0.07542820274829865,0.13933508098125458,0.2746419608592987,0.07337229574720065,0.08776365220546722,0.14679081737995148,0.17238667935888805,0.03855568543076515,6.151444435119629,336.9921875,237.32697637751698,237.52789106220007,237.5705889496021,11.033905087970197,0.15162304043769836,0.0033299438655376434,248.51583444979042,3410135552,0.07462834837761792,0.0861406996846199,10a2c9eaf0c0d0da41f146221abd7d39942a2dfee6e004e2625d394727b5526c,/scratch/wangpc/B-Spline-Inpainting/robot_policy/outputs/SWEEP/dit_b/raw/checkpoints/discrete_joint_base.pt,https://wandb.ai/401910710-university-of-california-berkeley/robot-policy-50k-bs32-basic/runs/x9qrzmwd,250.59396401047707,5.2942167563163665,True,0
DiT-B,raw,discrete_joint,ttrtc,102682368,0.023193398490548134,0.03653867990942672,0.19249559938907623,0.0606144517660141,0.13201779127120972,0.24620002508163452,0.029335372460385162,0.24828892946243286,0.19249559938907623,0.13596155185623737,0.06195194274187088,3.788391351699829,179.7031707763672,233.77852537669241,233.93400474451482,234.00285287527367,11.179168126545846,0.12508791405707598,0.0033499673008918762,245.08613138459623,3410135552,0.0633346326649189,0.06348752230405807,f6ef22b79382d464ecdb069b94b0cf8d07b9b3a8e4bc789f55bd0af361229940,/scratch/wangpc/B-Spline-Inpainting/robot_policy/outputs/SWEEP/dit_b/raw/checkpoints/discrete_joint_ttrtc.pt,https://wandb.ai/401910710-university-of-california-berkeley/robot-policy-5k-bs32-ttRTC/runs/1hux9mwd,261.58224348910153,10.629054075517752,True,0
DiT-B,bspline,fm,base,108048903,0.0006965543143451214,0.027097747770312708,0.03845490142703056,0.011325856670737267,0.04317369684576988,0.10642300546169281,0.004601728054694831,0.051670629531145096,0.03969981148838997,,0.0011196826817467809,0.7122126817703243,3.424966335296631,30.191283440217376,30.21743455901742,30.23036932805553,10.714535950683057,0.11766795068979263,0.02052891068160534,41.04401625227183,3427477504,0.007002750326963988,0.007199631538242102,340951daece1369c97a5a8c4e5f605fca41b5dca5138ed58351ce73471a11897,/scratch/wangpc/B-Spline-Inpainting/robot_policy/outputs/SWEEP/dit_b/bspline/checkpoints/fm_base.pt,https://wandb.ai/401910710-university-of-california-berkeley/robot-policy-50k-bs32-basic/runs/0c77dslj,,,,
DiT-B,bspline,fm,ttrtc,108048903,0.0006673590978607535,0.02992948779137805,0.03930792585015297,0.012070809490978718,0.05199027061462402,0.10986723750829697,0.005694224537971119,0.05033031851053238,0.040692564100027084,,0.002293164609000087,0.684327900409697,4.650674366950987,30.18960601184517,30.74365280335769,32.726063174195595,10.678307036869228,0.11778203770518303,0.020440085791051388,41.006135172210634,3427477504,0.007476169996979562,0.007774035912007093,6215dfaaed5288b06a1c77181d87e609fb816a5161612fc1caf157ecc8c7d8ac,/scratch/wangpc/B-Spline-Inpainting/robot_policy/outputs/SWEEP/dit_b/bspline/checkpoints/fm_ttrtc.pt,https://wandb.ai/401910710-university-of-california-berkeley/robot-policy-5k-bs32-ttRTC/runs/25fzgt8t,,,,
DiT-B,bspline,discrete_layerwise,base,107328000,0.1921829879283905,0.19169512623921037,0.4227316975593567,0.19772587716579437,0.3537767231464386,0.44466379284858704,0.19377261151870093,0.22144530713558197,0.4238446354866028,0.0038802564444109827,0.19965285062789917,0.22028088569641113,3.8829803466796875,25.210376945324242,25.25364301400259,26.078892846126116,10.672506061382592,0.1219830010086298,0.02028956077992916,36.02515556849539,3425117696,0.23537654632871802,0.2354631870985031,067aa87efdc7a8bbf3a6322e1c2c1c147c0d0745ceb60f7f099253c4eb731877,/scratch/wangpc/B-Spline-Inpainting/robot_policy/outputs/SWEEP/dit_b/bspline/checkpoints/discrete_layerwise_base.pt,https://wandb.ai/401910710-university-of-california-berkeley/robot-policy-50k-bs32-basic/runs/i40wvlpn,,,,
DiT-B,bspline,discrete_layerwise,ttrtc,107328000,0.1772138923406601,0.17480701161548495,0.4227316975593567,0.19772587716579437,0.3537767231464386,0.44466379284858704,0.19377261151870093,0.22144530713558197,0.4238446354866028,0.0038802564444109827,0.19965285062789917,0.22028088569641113,3.8829803466796875,24.76726204622537,25.12960450258106,25.51594971911984,10.663192020729184,0.11739286128431559,0.020224484615027905,35.5680714128539,3425117696,0.23537654632871802,0.2354631870985031,a7baae410941ff39f1c51641179a2d8a804de5f8ebe0a6a9869f4b81cf85dd98,/scratch/wangpc/B-Spline-Inpainting/robot_policy/outputs/SWEEP/dit_b/bspline/checkpoints/discrete_layerwise_ttrtc.pt,https://wandb.ai/401910710-university-of-california-berkeley/robot-policy-5k-bs32-ttRTC/runs/wjpva0fp,,,,
DiT-B,bspline,discrete_joint,base,102617856,0.0007201549015007913,0.018151554864743957,0.05070720613002777,0.01839526928961277,0.06655894964933395,0.13562916219234467,0.013019189316158494,0.050651755183935165,0.047812290489673615,0.18529382807568237,0.0022013061679899693,1.888750076293943,43.17875576019286,131.141024408862,131.2407720135525,131.27337926998734,10.692441603168845,0.11662894394248724,0.019329949282109737,141.96942490525544,3406277120,0.010757415724748915,0.011346378363668919,15d59a6a5b7634964c3e8ac409a4a3325732d02a3897c0315c94b82d43fa1155,/scratch/wangpc/B-Spline-Inpainting/robot_policy/outputs/SWEEP/dit_b/bspline/checkpoints/discrete_joint_base.pt,https://wandb.ai/401910710-university-of-california-berkeley/robot-policy-50k-bs32-basic/runs/tsg4colk,139.87145852297544,6.24175525607991,True,0
DiT-B,bspline,discrete_joint,ttrtc,102617856,0.000640853657387197,0.022525040149048436,0.049984559416770935,0.016945350915193558,0.06646332889795303,0.13017430901527405,0.011053036820764342,0.052299223840236664,0.04712977632880211,0.17522543131656523,0.00845190230756998,1.8389144778251614,42.57410068511958,131.7383205750957,133.06815455434844,133.11735154129565,10.728270979598165,0.11671904940158129,0.019544968381524086,142.60285557247698,3406277120,0.011861405843360857,0.012302476912736893,8e1e75c73d34cb50340d3b3ecd53a4620b2e76d18f9c956d4f1e3251b0f5e0d0,/scratch/wangpc/B-Spline-Inpainting/robot_policy/outputs/SWEEP/dit_b/bspline/checkpoints/discrete_joint_ttrtc.pt,https://wandb.ai/401910710-university-of-california-berkeley/robot-policy-5k-bs32-ttRTC/runs/jjch9idz,144.24494502600282,8.670407443846688,True,0
DiT-L,raw,fm,base,367582471,0.00048533681547269225,0.029271012146637077,0.035864878445863724,0.010727456770837307,0.042577486485242844,0.10357343405485153,0.004763234717150529,0.04651280492544174,0.035864874720573425,,0.0014798917109146714,0.7154552936553948,7.79223024845123,55.99190597422421,56.02999037364498,56.060891228262335,10.711261071264744,0.12410141061991453,0.00358454417437315,66.83085300028324,4460685824,0.006445942361923781,0.007034058682620525,b56ac6f764ce6abe17bd9d9129efec1f6e1a21c336faa91b1c18740e528033ba,/scratch/wangpc/B-Spline-Inpainting/robot_policy/outputs/SWEEP/dit_l/raw/checkpoints/fm_base.pt,https://wandb.ai/401910710-university-of-california-berkeley/robot-policy-50k-bs32-basic/runs/tziiazri,,,,
DiT-L,raw,fm,ttrtc,367582471,0.0005786071415059268,0.027811256415589014,0.03612346202135086,0.010903817601501942,0.04588006064295769,0.10442134737968445,0.004998002628174921,0.04633871838450432,0.03612346574664116,,0.0024628224782645702,0.7028186917304992,11.084244823455808,55.96583685837686,55.99976062076166,56.01932905148715,10.779393021948636,0.12822146527469158,0.003600027412176132,66.87705137301236,4460685824,0.006836325057189573,0.007513560354709625,fc84379971878778051da9d2c9689889d7caad33e629f502fa9703ab91779902,/scratch/wangpc/B-Spline-Inpainting/robot_policy/outputs/SWEEP/dit_l/raw/checkpoints/fm_ttrtc.pt,https://wandb.ai/401910710-university-of-california-berkeley/robot-policy-5k-bs32-ttRTC/runs/redv2qv4,,,,
DiT-L,raw,discrete_layerwise,base,366170624,0.009118739515542984,0.04226255341200158,0.04782336205244064,0.014599839225411415,0.05564557760953903,0.12082979083061218,0.00788806623313576,0.05487046390771866,0.04782336205244064,0.19623257721746265,0.003242466365918517,1.147778034210205,52.41358184814453,64.23085753340274,64.29528022417799,64.30532101541758,10.674152406863868,0.12894149404019117,0.003569992259144783,75.03752142656595,4455361536,0.009663733484392817,0.009738530032336712,05a827fb7570ec3ab5efded67a986f77d8c461e1b76b0ebde135247bba908988,/scratch/wangpc/B-Spline-Inpainting/robot_policy/outputs/SWEEP/dit_l/raw/checkpoints/discrete_layerwise_base.pt,https://wandb.ai/401910710-university-of-california-berkeley/robot-policy-50k-bs32-basic/runs/o0tj6klu,,,,
DiT-L,raw,discrete_layerwise,ttrtc,366170624,0.008939455263316631,0.03814482901361771,0.04827887564897537,0.014463004656136036,0.05736740306019783,0.12026223540306091,0.009009630884975195,0.04718323051929474,0.04827887564897537,0.19037558140434785,0.019060174003243446,1.247938871383667,60.090553283691406,63.79556702449918,63.86419916525483,63.931327720638365,10.690641473047435,0.12689095456153154,0.0035599805414676666,74.61665943264961,4455361536,0.011957402341067791,0.012493390589952469,92107ac042da050da01a31604d31549d3e039952604bac815a391b9d394effaf,/scratch/wangpc/B-Spline-Inpainting/robot_policy/outputs/SWEEP/dit_l/raw/checkpoints/discrete_layerwise_ttrtc.pt,https://wandb.ai/401910710-university-of-california-berkeley/robot-policy-5k-bs32-ttRTC/runs/7ejattim,,,,
DiT-L,raw,discrete_joint,base,357842432,0.005653353873640299,0.05199665301188361,0.07648540288209915,0.0259387269616127,0.07921547442674637,0.1610550433397293,0.016392558269823592,0.08321576565504074,0.07648540288209915,0.181412087019108,0.007114884909242392,1.9967007637023926,99.8567123413086,532.1315629407763,541.6382189025171,545.190310839098,11.15100842434913,0.15603797510266304,0.003419816493988037,543.4420291567221,4488083968,0.018472376533529976,0.022712398320436478,46ba37da6e38d427aebd36ad5e567595721731bd30983d75a885987c639b152b,/scratch/wangpc/B-Spline-Inpainting/robot_policy/outputs/SWEEP/dit_l/raw/checkpoints/discrete_joint_base.pt,https://wandb.ai/401910710-university-of-california-berkeley/robot-policy-50k-bs32-basic/runs/kvby9apd,588.3262025890872,9.551612591961954,True,0
DiT-L,raw,discrete_joint,ttrtc,357842432,0.0020319658797234297,0.050682377062912565,0.1040935218334198,0.033933304250240326,0.0847049206495285,0.184209942817688,0.01718909425350527,0.13439854979515076,0.1040935292840004,0.1768645569718217,0.036411527544260025,1.7444086074829102,92.86719512939453,533.4104035282508,542.1615660539828,546.0066113458015,11.24239293858409,0.12815347872674465,0.0033800024539232254,544.7843299480155,4488083968,0.01935322650454261,0.022719427943229675,be4af0aee1f27807ba8b0cd0cfab5d5cc9132081742d4499675774ef7a2fe178,/scratch/wangpc/B-Spline-Inpainting/robot_policy/outputs/SWEEP/dit_l/raw/checkpoints/discrete_joint_ttrtc.pt,https://wandb.ai/401910710-university-of-california-berkeley/robot-policy-5k-bs32-ttRTC/runs/0i7ac2b6,588.3268335601315,9.334340522863107,True,0
DiT-L,bspline,fm,base,367570183,0.0005894710775464773,0.02595717958683963,0.032506510615348816,0.009896485134959221,0.0418037585914135,0.09948107600212097,0.004770985843303303,0.04064946994185448,0.034141622483730316,,0.0012427351903170347,0.6839902997016905,3.3756655812263485,53.84501407388598,55.572706600651145,63.27735177706931,10.746380081400275,0.12550700921565294,0.02014904748648405,64.73705021198839,4460639232,0.00697673378850926,0.006965992506593466,dfbaa30912bfc30adb7b95ec2935213931c9c7b9accfe144e3384897e4f021be,/scratch/wangpc/B-Spline-Inpainting/robot_policy/outputs/SWEEP/dit_l/bspline/checkpoints/fm_base.pt,https://wandb.ai/401910710-university-of-california-berkeley/robot-policy-50k-bs32-basic/runs/hso7oc5a,,,,
DiT-L,bspline,fm,ttrtc,367570183,0.0006466201157309115,0.029353740894293878,0.03538120165467262,0.011148209683597088,0.051306817680597305,0.10558508336544037,0.00585741320780168,0.04289299622178078,0.03713974729180336,,0.002812399063259363,0.6771365404129015,4.4854044914245605,53.77048347145319,54.13259678753093,56.77711891243234,10.730911511927843,0.12330652680248022,0.020314473658800125,64.64501598384231,4460639232,0.007681926035068252,0.007913721725344658,2941af73c960752b4b3e3ac40bf7b860a5322ecf6b08ac017415123d04cefdaf,/scratch/wangpc/B-Spline-Inpainting/robot_policy/outputs/SWEEP/dit_l/bspline/checkpoints/fm_ttrtc.pt,https://wandb.ai/401910710-university-of-california-berkeley/robot-policy-5k-bs32-ttRTC/runs/s56r3udm,,,,
DiT-L,bspline,discrete_layerwise,base,366084608,0.1984737366437912,0.18238731753081083,0.36523765325546265,0.17671240866184235,0.33111631870269775,0.42037174105644226,0.165357639392217,0.2448410838842392,0.36776167154312134,0.002774093786377404,0.18198607861995697,0.10637015104293823,2.3857979774475098,46.80619656573981,47.68881069030613,49.55396561417729,10.642846464179456,0.12373202480375767,0.019374536350369453,57.592149591073394,4455020032,0.22748928584835745,0.2275087833404541,8a0e8e7a0993651103405f25481b792ed6bbc59c3b4a57590bdbf819ae791e87,/scratch/wangpc/B-Spline-Inpainting/robot_policy/outputs/SWEEP/dit_l/bspline/checkpoints/discrete_layerwise_base.pt,https://wandb.ai/401910710-university-of-california-berkeley/robot-policy-50k-bs32-basic/runs/i9zgz3hh,,,,
DiT-L,bspline,discrete_layerwise,ttrtc,366084608,0.18263401091098785,0.17526556691154838,0.36523765325546265,0.17671240866184235,0.33111631870269775,0.42037174105644226,0.165357639392217,0.2448410838842392,0.36776167154312134,0.002774093786377404,0.18198607861995697,0.10637015104293823,2.3857979774475098,46.83342343196273,47.81360495835543,49.15493102278562,10.679265949875116,0.12610666453838348,0.019408995285630226,57.65820504166186,4455020032,0.22748928584835745,0.2275087833404541,a205ce7c6706ffb66717bdffbd5b51a5855c5f5ff9fee2b865bd73ed28d246b7,/scratch/wangpc/B-Spline-Inpainting/robot_policy/outputs/SWEEP/dit_l/bspline/checkpoints/discrete_layerwise_ttrtc.pt,https://wandb.ai/401910710-university-of-california-berkeley/robot-policy-5k-bs32-ttRTC/runs/pgnhmdfl,,,,
DiT-L,bspline,discrete_joint,base,357756416,0.005299577489495277,0.01947633336567378,0.06627404689788818,0.022393416613340378,0.07424371689558029,0.14964430034160614,0.01275372252954791,0.08023159205913544,0.06315142661333084,0.15483960641458513,0.005439886823296547,1.5868005752563439,34.891253852844144,309.1409489279613,309.28552475525066,309.38720002770424,11.213797959499061,0.12826791498810053,0.01999910455197096,320.5030139070004,4454708736,0.013579774309288372,0.01485825702548027,5c011eb80529ada7f02eb07d1b8101bbc320eb19e92f2791d2ea60ba9e8fbb5b,/scratch/wangpc/B-Spline-Inpainting/robot_policy/outputs/SWEEP/dit_l/bspline/checkpoints/discrete_joint_base.pt,https://wandb.ai/401910710-university-of-california-berkeley/robot-policy-50k-bs32-basic/runs/us6r4jrf,339.43937812000513,8.926020710930056,True,0
DiT-L,bspline,discrete_joint,ttrtc,357756416,0.004066006746143103,0.023679019563132897,0.06985820829868317,0.02332264930009842,0.07871350646018982,0.15271754562854767,0.012919917663869759,0.08573905378580093,0.06712132692337036,0.1281961440675512,0.015480775386095047,1.680743157863616,37.83909835815428,310.0075264228508,310.1219723583199,310.1708348863758,10.955485980957747,0.1283230958506465,0.020554522052407265,321.1118900217116,4454708736,0.01575149477205493,0.017693910747766495,c66cae18ade46f2d1183dc6879cb189f5a6e1f2919c6e11d2ea98f3d5bfa7860,/scratch/wangpc/B-Spline-Inpainting/robot_policy/outputs/SWEEP/dit_l/bspline/checkpoints/discrete_joint_ttrtc.pt,https://wandb.ai/401910710-university-of-california-berkeley/robot-policy-5k-bs32-ttRTC/runs/ra5ijsh8,339.29233194794506,8.63114275438067,True,0
